SELECT TABLE_NAME FROM INFORMATION_SCHEMA.TABLES WHERE TABLE_TYPE = 'BASE TABLE' AND TABLE_NAME = 'users' AND TABLE_SCHEMA = '348-project-sample'
CREATE TABLE IF NOT EXISTS `users` (`id` INTEGER NOT NULL auto_increment , `name` VARCHAR(255), `email` VARCHAR(255) UNIQUE, `password` VARCHAR(255), `isAdmin` TINYINT(1) NOT NULL DEFAULT false, `createdAt` DATETIME NOT NULL, `updatedAt` DATETIME NOT NULL, PRIMARY KEY (`id`)) ENGINE=InnoDB;
SHOW INDEX FROM `users`
SELECT TABLE_NAME FROM INFORMATION_SCHEMA.TABLES WHERE TABLE_TYPE = 'BASE TABLE' AND TABLE_NAME = 'products' AND TABLE_SCHEMA = '348-project-sample'
CREATE TABLE IF NOT EXISTS `products` (`id` INTEGER NOT NULL auto_increment , `manufacturer` VARCHAR(255) NOT NULL, `type` VARCHAR(255) NOT NULL, `colour` VARCHAR(255) NOT NULL, `createdAt` DATETIME NOT NULL, `updatedAt` DATETIME NOT NULL, PRIMARY KEY (`id`)) ENGINE=InnoDB;
SHOW INDEX FROM `products`
SELECT TABLE_NAME FROM INFORMATION_SCHEMA.TABLES WHERE TABLE_TYPE = 'BASE TABLE' AND TABLE_NAME = 'tickets' AND TABLE_SCHEMA = '348-project-sample'
CREATE TABLE IF NOT EXISTS `tickets` (`id` INTEGER NOT NULL auto_increment , `userID` INTEGER NOT NULL, `productID` INTEGER NOT NULL, `description` VARCHAR(255), `status` VARCHAR(255) NOT NULL, `createdAt` DATETIME NOT NULL, `updatedAt` DATETIME NOT NULL, PRIMARY KEY (`id`)) ENGINE=InnoDB;
SHOW INDEX FROM `tickets`
SELECT TABLE_NAME FROM INFORMATION_SCHEMA.TABLES WHERE TABLE_TYPE = 'BASE TABLE' AND TABLE_NAME = 'notes' AND TABLE_SCHEMA = '348-project-sample'
CREATE TABLE IF NOT EXISTS `notes` (`id` INTEGER NOT NULL auto_increment , `ticketID` INTEGER NOT NULL, `text` VARCHAR(255) NOT NULL, `isStaff` TINYINT(1) NOT NULL, `createdAt` DATETIME NOT NULL, `updatedAt` DATETIME NOT NULL, PRIMARY KEY (`id`)) ENGINE=InnoDB;
SHOW INDEX FROM `notes`
SELECT `id`, `name`, `email`, `password`, `isAdmin`, `createdAt`, `updatedAt` FROM `users` AS `user` WHERE `user`.`id` = 1;
INSERT INTO `users` (`id`,`name`,`email`,`password`,`isAdmin`,`createdAt`,`updatedAt`) VALUES (1,'John Doe','johndoe@gmail.com','$2a$10$lIW0O1/k.DyM55KHvi5jbuBAtC/eEJPHfzDp4wCYaNwR7raGthEIG',true,'2022-11-17 16:52:05','2022-11-17 16:52:05'),(2,'Jane Doe','jamedoe@gmail.com','$2a$10$lIW0O1/k.DyM55KHvi5jbu59xuaWHeOriLnIN4pqfHG9u9Qqem.YS',false,'2022-11-17 16:52:05','2022-11-17 16:52:05'),(3,'Andrew Zang','x5zang@uwaterloo.ca','$2a$10$lIW0O1/k.DyM55KHvi5jbuPc1h8xlAX072Es.oIce9S5pWlgEkOJ2',true,'2022-11-17 16:52:05','2022-11-17 16:52:05'),(4,'Matthew Yue','z3yue@uwaterloo.ca','$2a$10$lIW0O1/k.DyM55KHvi5jbuOD.YBeY5zZBT3S4YwMo7fDv3YajJesW',false,'2022-11-17 16:52:05','2022-11-17 16:52:05'),(5,'Tim','tim@hortons.ca','$2a$10$lIW0O1/k.DyM55KHvi5jbuognvA4e8529TxlPoTTe/RO.HmmxuzBK',false,'2022-11-17 16:52:05','2022-11-17 16:52:05');
INSERT INTO `products` (`id`,`manufacturer`,`type`,`colour`,`createdAt`,`updatedAt`) VALUES (1,'apple','phone','black','2022-11-17 16:52:05','2022-11-17 16:52:05'),(2,'apple','phone','silver','2022-11-17 16:52:05','2022-11-17 16:52:05'),(3,'apple','laptop','golden','2022-11-17 16:52:05','2022-11-17 16:52:05'),(4,'samsung','other','other','2022-11-17 16:52:05','2022-11-17 16:52:05'),(5,'samsung','tablet','black','2022-11-17 16:52:05','2022-11-17 16:52:05'),(6,'huawei','tablet','silver','2022-11-17 16:52:05','2022-11-17 16:52:05');
INSERT INTO `tickets` (`id`,`userID`,`productID`,`description`,`status`,`createdAt`,`updatedAt`) VALUES (1,1,2,'battery outrage','open','2022-11-17 16:52:05','2022-11-17 16:52:05'),(2,1,3,'no signal','closed','2022-11-17 16:52:05','2022-11-17 16:52:05'),(3,1,4,'something wrong when playing league of legends','archieve','2022-11-17 16:52:05','2022-11-17 16:52:05'),(4,3,1,'died for no reason','open','2022-11-17 16:52:05','2022-11-17 16:52:05'),(345,4,1,'hard to describe','closed','2022-11-17 16:52:05','2022-11-17 16:52:05'),(34,3,1,'it is smoking','archieve','2022-11-17 16:52:05','2022-11-17 16:52:05');
INSERT INTO `notes` (`id`,`ticketID`,`text`,`isStaff`,`createdAt`,`updatedAt`) VALUES (1,2,'Some replies please',false,'2022-11-17 16:52:05','2022-11-17 16:52:05'),(2,4,'No, it is not my responsibility',false,'2022-11-17 16:52:05','2022-11-17 16:52:05'),(3,5,'Hi, I am very sorry to hear about that',true,'2022-11-17 16:52:05','2022-11-17 16:52:05'),(4,4,'Did the product drops in the water?',true,'2022-11-17 16:52:05','2022-11-17 16:52:05');